sectiune, diviziune, grupa, clasa, denumire 
A,,, ,"SECŢIUNEA A - AGRICULTURĂ, SILVICULTURĂ ŞI PESCUIT "
A,1,,  ,"Agricultură, vânătoare şi servicii anexe "
A,1,11,  ,Cultivarea plantelor nepermanente 
A,1,11,111,"Cultivarea cerealelor (excluzând orezul), plantelor leguminoase şi a plantelor oleaginoase "
A,1,11,112,Cultivarea orezului 
A,1,11,113,"Cultivarea legumelor şi a pepenilor, a rădăcinoaselor şi tuberculiferelor  "
A,1,11,114,Cultivarea trestiei de zahăr 
A,1,11,115,Cultivarea tutunului 
A,1,11,116,Cultivarea plantelor pentru fibre textile 
A,1,11,119,Cultivarea altor plante din culturi nepermanente 
A,1,12,  ,Cultivarea plantelor din culturi permanente 
A,1,12,121,Cultivarea strugurilor 
A,1,12,122,Cultivarea fructelor tropicale şi subtropicale 
A,1,12,123,Cultivarea fructelor citrice 
A,1,12,124,Cultivarea fructelor seminţoase şi sâmburoase 
A,1,12,125,"Cultivarea altor pomi fructiferi, a arbuştilor fructiferi, căpşunilor şi a nuciferelor "
A,1,12,126,Cultivarea fructelor oleaginoase 
A,1,12,127,Cultivarea plantelor pentru prepararea băuturilor 
A,1,12,128,"Cultivarea condimentelor, plantelor aromatice, medicinale şi a plantelor de uz farmaceutic "
A,1,12,129,Cultivarea altor plante permanente 
A,1,13,  ,Cultivarea plantelor pentru înmulţire 
A,1,13,130,Cultivarea plantelor pentru înmulţire 
A,1,14,  ,Creşterea animalelor 
A,1,14,141,Creşterea bovinelor de lapte 
A,1,14,142,Creşterea altor bovine 
A,1,14,143,Creşterea cailor şi a altor cabaline 
A,1,14,144,Creşterea cămilelor şi a camelidelor 
A,1,14,145,Creşterea ovinelor şi caprinelor 
A,1,14,146,Creşterea porcinelor 
A,1,14,147,Creşterea păsărilor 
A,1,14,148,Creşterea altor animale 
A,1,15,  ,Activităţi în ferme mixte (cultura vegetală combinată cu creşterea animalelor) 
A,1,15,150,Activităţi în ferme mixte (cultura vegetală combinată cu creşterea animalelor) 
A,1,16,  ,Activităţi auxiliare agriculturii şi activităţi după recoltare 
A,1,16,161,Activităţi auxiliare pentru producţia vegetală 
A,1,16,162,Activităţi auxiliare pentru creşterea animalelor  
A,1,16,163,Activităţi după recoltare și pregătirea semințelor 
A,1,17,  ,"Vânătoare, capturarea cu capcane a vânatului şi activităţi de servicii anexe vânătorii "
A,1,17,170,"Vânătoare, capturarea cu capcane a vânatului şi activităţi de servicii anexe vânătorii "
A,2,,  ,Silvicultură şi exploatare forestieră 
A,2,21,  ,Silvicultură şi alte activităţi forestiere 
A,2,21,210,Silvicultură şi alte activităţi forestiere 
A,2,22,  ,Exploatarea forestieră 
A,2,22,220,Exploatarea forestieră 
A,2,23,  ,Colectarea produselor forestiere nelemnoase din flora spontană  
A,2,23,230,Colectarea produselor forestiere nelemnoase din flora spontană 
A,2,24,  ,Activităţi de servicii anexe silviculturii 
A,2,24,240,Activităţi de servicii anexe silviculturii 
A,3,,  ,Pescuitul şi acvacultura 
A,3,31,  ,Pescuitul 
A,3,31,311,Pescuitul maritim 
A,3,31,312,Pescuitul în ape dulci 
A,3,32,  ,Acvacultura 
A,3,32,321,Acvacultura maritimă 
A,3,32,322,Acvacultura în ape dulci 
A,3,33, ,Activităţi anexe pescuitului şi acvaculturii     
A,3,33,330,Activităţi anexe pescuitului şi acvaculturii        
B,,,  ,SECŢIUNEA B - INDUSTRIA EXTRACTIVĂ 
B,5,,  ,Extracţia cărbunelui superior şi inferior 
B,5,51,  ,Extracţia cărbunelui superior (PCS=>23865 kJ/kg) 
B,5,51,510,Extracţia cărbunelui superior (PCS=>23865 kJ/kg) 
B,5,52,  ,Extracţia cărbunelui inferior (PCS<23865 kJ/kg) 
B,5,52,520,Extracţia cărbunelui inferior (PCS<23865 kJ/kg) 
B,6,,  ,Extracţia petrolului brut şi a gazelor naturale 
B,6,61,  ,Extracţia petrolului brut  
B,6,61,610,Extracţia petrolului brut  
B,6,62,  ,Extracţia gazelor naturale 
B,6,62,620,Extracţia gazelor naturale 
B,7,,  ,Extracţia minereurilor metalifere 
B,7,71,  ,Extracţia minereurilor feroase 
B,7,71,710,Extracţia minereurilor feroase 
B,7,72,  ,Extracţia minereurilor metalifere neferoase 
B,7,72,721,Extracţia minereurilor de uraniu şi toriu 
B,7,72,729,Extracţia altor minereuri metalifere neferoase 
B,8,,  ,Alte activităţi extractive 
B,8,81,  ,"Extracţia pietrei, nisipului şi argilei "
B,8,81,811,"Extracţia pietrei ornamentale şi a pietrei pentru construcţii, extracţia pietrei calcaroase, ghipsului, cretei şi a ardeziei "
B,8,81,812,Extracţia pietrişului şi nisipului; extracţia argilei şi caolinului 
B,8,89,  ,Alte activităţi extractive n.c.a. 
B,8,89,891,Extracţia mineralelor pentru industria chimică şi a îngrăşămintelor naturale 
B,8,89,892,Extracţia turbei 
B,8,89,893,Extracţia sării 
B,8,89,899,Alte activităţi extractive n.c.a. 
B,9,,  ,Activităţi de servicii anexe extracţiei 
B,9,91,  ,Activităţi de servicii anexe extracţiei petrolului brut şi gazelor naturale 
B,9,91,910,Activităţi de servicii anexe extracţiei petrolului brut şi gazelor naturale 
B,9,99,  ,Activităţi de servicii anexe pentru extracţia mineralelor  
B,9,99,990,Activităţi de servicii anexe pentru extracţia mineralelor  
C,,,  ,SECŢIUNEA C - INDUSTRIA PRELUCRĂTOARE 
C,10,,  ,Industria alimentară 
C,10,101,  ,"Producţia, prelucrarea şi conservarea cărnii şi a produselor din carne "
C,10,101,1011,Prelucrarea şi conservarea cărnii 
C,10,101,1012,Prelucrarea şi conservarea cărnii de pasăre 
C,10,101,1013,Fabricarea produselor din carne (inclusiv din carne de pasăre) 
C,10,102,  ,"Prelucrarea şi conservarea peştelui, crustaceelor şi moluştelor "
C,10,102,1020,"Prelucrarea şi conservarea peştelui, crustaceelor şi moluştelor "
C,10,103,  ,Prelucrarea şi conservarea fructelor şi legumelor 
C,10,103,1031,Prelucrarea şi conservarea cartofilor 
C,10,103,1032,Fabricarea sucurilor de fructe şi legume 
C,10,103,1039,Prelucrarea şi conservarea fructelor şi legumelor n.c.a. 
C,10,104,  ,Fabricarea uleiurilor şi a grăsimilor vegetale şi animale 
C,10,104,1041,Fabricarea uleiurilor şi grăsimilor  
C,10,104,1042,Fabricarea margarinei şi a altor produse comestibile similare 
C,10,105,  ,Fabricarea produselor lactate 
C,10,105,1051,Fabricarea produselor lactate şi a brânzeturilor 
C,10,105,1052,Fabricarea îngheţatei 
C,10,106,  ,"Fabricarea produselor de morărit, a amidonului şi produselor din amidon "
C,10,106,1061,Fabricarea produselor de morărit 
C,10,106,1062,Fabricarea amidonului şi a produselor din amidon 
C,10,107,  ,Fabricarea produselor de brutărie şi a produselor făinoase 
C,10,107,1071,Fabricarea pâinii; fabricarea prăjiturilor şi a produselor proaspete de patiserie 
C,10,107,1072,Fabricarea biscuiţilor şi pişcoturilor; fabricarea prăjiturilor şi a produselor conservate de patiserie 
C,10,107,1073,"Fabricarea macaroanelor, tăiţeilor, cuş-cuş-ului şi a altor produse făinoase similar  "
C,10,108,  ,Fabricarea altor produse alimentare 
C,10,108,1081,Fabricarea zahărului 
C,10,108,1082,"Fabricarea produselor din cacao, a ciocolatei şi a produselor zaharoase "
C,10,108,1083,Prelucrarea ceaiului şi cafelei 
C,10,108,1084,Fabricarea condimentelor şi ingredientelor  
C,10,108,1085,Fabricarea de mâncărururi preparate 
C,10,108,1086,Fabricarea preparatelor alimentare omogenizate şi alimentelor dietetice 
C,10,108,1089,Fabricarea altor produse alimentare n.c.a. 
C,10,109,  ,Fabricarea preparatelor pentru hrana animalelor  
C,10,109,1091,Fabricarea preparatelor pentru hrana animalelor de fermă 
C,10,109,1092,Fabricarea preparatelor pentru hrana animalelor de companie 
C,11,,  ,Fabricarea băuturilor 
C,11,110,  ,Fabricarea băuturilor 
C,11,110,1101,"Distilarea, rafinarea şi mixarea băuturilor alcoolice "
C,11,110,1102,Fabricarea vinurilor din struguri 
C,11,110,1103,Fabricarea cidrului şi a altor vinuri din fructe 
C,11,110,1104,"Fabricarea altor băuturi nedistilate, obţinute prin fermentare "
C,11,110,1105,Fabricarea berii 
C,11,110,1106,Fabricarea malţului 
C,11,110,1107,Producţia de băuturi răcoritoare nealcoolice; producţia de ape minerale şi alte ape îmbuteliate 
C,12,,  ,Fabricarea produselor din tutun 
C,12,120,  ,Fabricarea produselor din tutun 
C,12,120,1200,Fabricarea produselor din tutun 
C,13,,  ,Fabricarea produselor textile 
C,13,131,  ,Pregătirea fibrelor şi filarea fibrelor textile 
C,13,131,1310,Pregătirea fibrelor şi filarea fibrelor textile 
C,13,132,  ,Producţia de ţesături 
C,13,132,1320,Producţia de ţesături 
C,13,133,  ,Finisarea materialelor textile 
C,13,133,1330,Finisarea materialelor textile 
C,13,139,  ,Fabricarea altor articole textile 
C,13,139,1391,Fabricarea de metraje prin tricotare sau croşetare 
C,13,139,1392,Fabricarea de articole confecționate din textile (excluzând îmbrăcămintea și lenjeria de corp) 
C,13,139,1393,Fabricarea de covoare şi mochete 
C,13,139,1394,"Fabricarea de odgoane, frânghii, sfori şi plase "
C,13,139,1395,"Fabricarea de textile neţesute şi articole din acestea, cu excepţia confecţiilor de îmbrăcăminte "
C,13,139,1396,Fabricarea de articole tehnice şi industriale din textile 
C,13,139,1399,Fabricarea altor articole textile n.c.a. 
C,14,,  ,Fabricarea articolelor de îmbrăcăminte 
C,14,141,  ,Fabricarea articolelor de îmbrăcăminte prin tricotare sau croşetare 
C,14,141,1410,Fabricarea articolelor de îmbrăcăminte prin tricotare sau croşetare 
C,14,142, ,Fabricarea altor articole de îmbrăcăminte și accesorii 
C,14,142,1421,Fabricarea articolelor de îmbrăcăminte 
C,14,142,1422,Fabricarea de articole de lenjerie de corp 
C,14,142,1423,Fabricarea de articole de îmbrăcăminte pentru lucru 
C,14,142,1424,Fabricarea articolelor de îmbrăcăminte din piele și blană 
C,14,142,1429,Fabricarea altor articole de îmbrăcăminte şi accesorii n.c.a. 
C,15,,  ,"Tăbăcirea şi finisarea pieilor; fabricarea articolelor de voiaj şi marochinărie, harnaşamentelor şi încălţămintei; prepararea şi vopsirea blănurilor "
C,15,151,  ,Tăbăcirea şi finisarea pieilor; fabricarea articolelor de voiaj şi marochinărie şi a articolelor de harnaşament; prepararea şi vopsirea blănurilor 
C,15,151,1511,Tăbăcirea şi finisarea pieilor; prepararea şi vopsirea blănurilor 
C,15,151,1512,Fabricarea articolelor de voiaj şi marochinărie şi a articolelor de harnaşament 
C,15,152,  ,Fabricarea încălţămintei 
C,15,152,1520,Fabricarea încălţămintei 
C,16,,  ,"Prelucrarea lemnului, fabricarea produselor din lemn şi plută, cu excepţia mobilei; fabricarea articolelor din paie şi din alte materiale vegetale împletite "
C,16,161,  ,Tăierea şi rindeluirea lemnului 
C,16,161,1611,Tăierea şi rindeluirea lemnului 
C,16,161,1612,Prelucrarea și finisarea lemnului 
C,16,162,  ,"Fabricarea produselor din lemn, plută, paie şi din alte materiale vegetale "
C,16,162,1621,Fabricarea de furnire şi a panourilor din lemn 
C,16,162,1622,Fabricarea parchetului asamblat în panouri 
C,16,162,1623,"Fabricarea altor elemente de dulgherie şi tâmplărie, pentru construcţii "
C,16,162,1624,Fabricarea ambalajelor din lemn 
C,16,162,1625,Fabricarea de uși și ferestre din lemn  
C,16,162,1626,Fabricarea de combustibili solizi din biomasă vegetală  
C,16,162,1627,Finisarea articolelor din lemn  
C,16,162,1628,"Fabricarea altor produse din lemn; fabricarea articolelor din plută, paie şi din alte materiale vegetale împletite "
C,17,,  ,Fabricarea hârtiei şi a produselor din hârtie 
C,17,171,  ,"Fabricarea celulozei, hârtiei şi cartonului "
C,17,171,1711,Fabricarea celulozei 
C,17,171,1712,Fabricarea hârtiei şi cartonului 
C,17,172,  ,Fabricarea articolelor din hârtie şi carton 
C,17,172,1721,Fabricarea hârtiei şi cartonului ondulat şi a ambalajelor din hârtie şi carton 
C,17,172,1722,"Fabricarea produselor de uz gospodăresc şi sanitar, din hârtie sau carton "
C,17,172,1723,Fabricarea articolelor de papetărie 
C,17,172,1724,Fabricarea tapetului 
C,17,172,1725,Fabricarea altor articole din hârtie şi carton n.c.a. 
C,18,,  ,Tipărire şi reproducerea pe suporţi a înregistrărilor 
C,18,181,  ,Tipărire şi activităţi de servicii conexe tipăririi 
C,18,181,1811,Tipărirea ziarelor 
C,18,181,1812,Alte activităţi de tipărire n.c.a. 
C,18,181,1813,Servicii pregătitoare pentru pretipărire 
C,18,181,1814,Legătorie şi servicii conexe 
C,18,182,  ,Reproducerea înregistrărilor 
C,18,182,1820,Reproducerea înregistrărilor 
C,19,,  ,Fabricarea produselor de cocserie şi a produselor obţinute din prelucrarea ţiţeiului 
C,19,191,  ,Fabricarea produselor de cocserie 
C,19,191,1910,Fabricarea produselor de cocserie 
C,19,192,  ,Fabricarea produselor obţinute din prelucrarea ţiţeiului 
C,19,192,1920,Fabricarea produselor obţinute din prelucrarea ţiţeiului 
C,20,,  ,Fabricarea substanţelor şi a produselor chimice 
C,20,201,  ,"Fabricarea produselor chimice de bază, a îngrăşămintelor şi produselor azotoase; fabricarea materialelor plastice şi a cauciucului sintetic, în forme primare "
C,20,201,2011,Fabricarea gazelor industriale 
C,20,201,2012,Fabricarea coloranţilor şi a pigmenţilor 
C,20,201,2013,"Fabricarea altor produse chimice anorganice, de bază "
C,20,201,2014,"Fabricarea altor produse chimice organice, de bază "
C,20,201,2015,Fabricarea îngrăşămintelor şi produselor azotoase 
C,20,201,2016,Fabricarea materialelor plastice în forme primare 
C,20,201,2017,Fabricarea cauciucului sintetic în forme primare 
C,20,202,  ,Fabricarea pesticidelor şi a altor produse agrochimice 
C,20,202,2020,Fabricarea pesticidelor şi a altor produse agrochimice 
C,20,203,  ,"Fabricarea vopselelor, lacurilor, cernelii tipografice şi masticurilor "
C,20,203,2030,"Fabricarea vopselelor, lacurilor, cernelii tipografice şi masticurilor "
C,20,204,  ,"Fabricarea săpunurilor, detergenţilor şi a produselor de întreţinere, cosmetice şi de parfumerie "
C,20,204,2041,"Fabricarea săpunurilor, detergenţilor şi a produselor de întreţinere "
C,20,204,2042,Fabricarea parfumurilor şi a produselor cosmetice (de toaletă) 
C,20,205,  ,Fabricarea altor produse chimice 
C,20,205,2051,Fabricarea biocombustibililor lichizi  
C,20,205,2059,Fabricarea altor produse chimice n.c.a. 
C,20,206,  ,Fabricarea fibrelor sintetice şi artificiale 
C,20,206,2060,Fabricarea fibrelor sintetice şi artificiale 
C,21,,  ,Fabricarea produselor farmaceutice de bază şi a preparatelor farmaceutice 
C,21,211,  ,Fabricarea produselor farmaceutice de bază 
C,21,211,2110,Fabricarea produselor farmaceutice de bază 
C,21,212,  ,Fabricarea preparatelor farmaceutice 
C,21,212,2120,Fabricarea preparatelor farmaceutice 
C,22,,  ,Fabricarea produselor din cauciuc şi mase plastice 
C,22,221,  ,Fabricarea articolelor din cauciuc 
C,22,221,2211,Fabricarea anvelopelor şi a camerelor de aer; reşaparea şi refacerea anvelopelor 
C,22,221,2212,Fabricarea altor produse din cauciuc 
C,22,222,  ,Fabricarea articolelor din material plastic 
C,22,222,2221,"Fabricarea plăcilor, foliilor, tuburilor şi profilelor din material plastic "
C,22,222,2222,Fabricarea articolelor de ambalaj din material plastic 
C,22,222,2223,Fabricarea de uși și ferestre din material plastic  
C,22,222,2224,Fabricarea articolelor din material plastic pentru construcţii 
C,22,222,2225,Prelucrarea și finisarea articolelor din material plastic  
C,22,222,2226,Fabricarea altor produse din material plastic 
C,23,,  ,Fabricarea altor produse din minerale nemetalice 
C,23,231,  ,Fabricarea sticlei şi a articolelor din sticlă 
C,23,231,2311,Fabricarea sticlei plate 
C,23,231,2312,Prelucrarea şi fasonarea sticlei plate 
C,23,231,2313,Fabricarea articolelor din sticlă 
C,23,231,2314,Fabricarea fibrelor din sticlă 
C,23,231,2315,Fabricarea de sticlărie tehnică 
C,23,232,  ,Fabricarea de produse refractare 
C,23,232,2320,Fabricarea de produse refractare 
C,23,233,  ,Fabricarea materialelelor de construcţii din argilă 
C,23,233,2331,Fabricarea plăcilor şi dalelor din ceramică 
C,23,233,2332,"Fabricarea cărămizilor, ţiglelor şi altor produse pentru construcţii, din argilă arsă "
C,23,234,  ,Fabricarea altor articole din ceramică şi porţelan 
C,23,234,2341,Fabricarea articolelor ceramice pentru uz gospodăresc şi ornamental 
C,23,234,2342,Fabricarea de obiecte sanitare din ceramică 
C,23,234,2343,Fabricarea izolatorilor şi pieselor izolante din ceramică 
C,23,234,2344,Fabricarea altor produse tehnice din ceramică  
C,23,234,2345,Fabricarea altor produse ceramice n.c.a. 
C,23,235,  ,"Fabricarea cimentului, varului şi ipsosului "
C,23,235,2351,Fabricarea cimentului 
C,23,235,2352,Fabricarea varului şi ipsosului 
C,23,236,  ,"Fabricarea articolelor din beton, ciment şi ipsos "
C,23,236,2361,Fabricarea produselor din beton pentru construcţii 
C,23,236,2362,Fabricarea produselor din ipsos pentru construcţii 
C,23,236,2363,Fabricarea betonului 
C,23,236,2364,Fabricarea mortarului 
C,23,236,2365,Fabricarea produselor din azbociment 
C,23,236,2366,"Fabricarea altor articole din beton, ciment şi ipsos "
C,23,237,  ,"Tăierea, fasonarea şi finisarea pietrei "
C,23,237,2370,"Tăierea, fasonarea şi finisarea pietrei  "
C,23,239,  ,Fabricarea produselor abrazive şi a altor produse din minerale nemetalice n.c.a. 
C,23,239,2391,Fabricarea de produse abrazive 
C,23,239,2399,"Fabricarea altor produse din minerale nemetalice, n.c.a. "
C,24,,  ,Industria metalurgică 
C,24,241,  ,Producţia de metale feroase sub forme primare şi de feroaliaje 
C,24,241,2410,Producţia de metale feroase sub forme primare şi de feroaliaje 
C,24,242,  ,"Producţia de tuburi, ţevi, profile tubulare şi accesorii pentru acestea, din oţel  "
C,24,242,2420,"Producţia de tuburi, ţevi, profile tubulare şi accesorii pentru acestea, din oţel  "
C,24,243,  ,Fabricarea altor produse prin prelucrarea primară a oţelului 
C,24,243,2431,Tragere la rece a barelor 
C,24,243,2432,Laminare la rece a benzilor înguste 
C,24,243,2433,Producţia de profile obţinute la rece 
C,24,243,2434,Trefilarea firelor la rece 
C,24,244,  ,Producţia metalelor preţioase şi a altor metale neferoase 
C,24,244,2441,Producţia metalelor preţioase 
C,24,244,2442,Metalurgia aluminiului 
C,24,244,2443,"Producţia plumbului, zincului şi cositorului "
C,24,244,2444,Metalurgia cuprului 
C,24,244,2445,Producţia altor metale neferoase 
C,24,244,2446,Prelucrarea combustibililor nucleari 
C,24,245,  ,Turnarea metalelor 
C,24,245,2451,Turnarea fontei 
C,24,245,2452,Turnarea oţelului 
C,24,245,2453,Turnarea metalelor neferoase uşoare 
C,24,245,2454,Turnarea altor metale neferoase 
C,25,,  ,"Industria construcţiilor metalice şi a produselor din metal, exclusiv maşini, utilaje şi instalaţii "
C,25,251,  ,Fabricarea de construcţii metalice 
C,25,251,2511,Fabricarea de construcţii metalice şi părţi componente ale structurilor metalice 
C,25,251,2512,Fabricarea de uşi şi ferestre din metal 
C,25,252,  ,"Producţia de rezervoare, cisterne şi containere metalice; producţia de radiatoare şi cazane pentru încălzire centrală "
C,25,252,2521,Producţia de radiatoare şi cazane pentru încălzire central; producția de generatoare de abur și boilere 
C,25,252,2522,"Producţia de rezervoare, cisterne şi containere metalice "
C,25,253,  ,Fabricarea armamentului şi muniţiei 
C,25,253,2530,Fabricarea armamentului şi muniţiei 
C,25,254,  ,Fabricarea produselor metalice obţinute prin deformare plastică; metalurgia pulberilor 
C,25,254,2540,Fabricarea produselor metalice obţinute prin deformare plastică; metalurgia pulberilor 
C,25,255,  ,Tratarea şi acoperirea metalelor; operaţiuni de mecanică generală pe bază de plată sau contract 
C,25,255,2551,Acoperirea metalelor 
C,25,255,2552,Tratamente termice ale metalelor 
C,25,255,2553,Operaţiuni de mecanică generală 
C,25,256,  ,Producţia de unelte şi articole de fierărie 
C,25,256,2561,Fabricarea produselor de tăiat 
C,25,256,2562,Fabricarea articolelor de feronerie 
C,25,256,2563,Fabricarea uneltelor 
C,25,259,  ,Fabricarea altor produse prelucrate din metal 
C,25,259,2591,"Fabricarea de recipienţi, containere şi alte produse similare din oţel "
C,25,259,2592,Fabricarea ambalajelor metalice uşoare  
C,25,259,2593,Fabricarea articolelor din fire metalice; fabricarea de lanţuri şi arcuri 
C,25,259,2594,"Fabricarea de şuruburi, buloane şi alte articole filetate; fabricarea de nituri şi şaibe "
C,25,259,2599,Fabricarea altor articole din metal n.c.a. 
C,26,,  ,Fabricarea calculatoarelor şi a produselor electronice şi optice 
C,26,261,  ,Fabricarea componentelor electronice 
C,26,261,2611,Fabricarea componentelor electronice 
C,26,261,2612,Fabricarea subansamblurilor electronice (module) 
C,26,262,  ,Fabricarea calculatoarelor şi a echipamentelor periferice  
C,26,262,2620,Fabricarea calculatoarelor şi a echipamentelor periferice   
C,26,263,  ,Fabricarea echipamentelor de comunicaţii 
C,26,263,2630,Fabricarea echipamentelor de comunicaţii 
C,26,264,  ,Fabricarea produselor electronice de larg consum 
C,26,264,2640,Fabricarea produselor electronice de larg consum 
C,26,265,  ,"Fabricarea de echipamente de măsură, verificare, control şi navigaţie; producţia de ceasuri "
C,26,265,2651,"Fabricarea de instrumente şi dispozitive pentru măsură, verificare, control, navigaţie  "
C,26,265,2652,Producţia de ceasuri 
C,26,266,  ,"Fabricarea de echipamente pentru radiologie, electrodiagnostic şi electroterapie "
C,26,266,2660,"Fabricarea de echipamente pentru radiologie, electrodiagnostic şi electroterapie "
C,26,267,  ,"Fabricarea de instrumente optice, suporți magnetici și optici; fabricarea de echipamente fotografice "
C,26,267,2670,"Fabricarea de instrumente optice, suporți magnetici și optici; fabricarea de echipamente fotografice "
C,27,,  ,Fabricarea echipamentelor electrice 
C,27,271,  ,"Fabricarea motoarelor electrice, generatoarelor şi transformatoarelor electrice şi a aparatelor de distribuţie şi control a electricităţii "
C,27,271,2711,"Fabricarea motoarelor, generatoarelor şi transformatoarelor electrice "
C,27,271,2712,Fabricarea aparatelor de distribuţie şi control a electricităţii 
C,27,272,  ,Fabricarea de acumulatori şi baterii 
C,27,272,2720,Fabricarea de acumulatori şi baterii  
C,27,273,  ,Fabricarea de fire şi cabluri; fabricarea dispozitivelor de conexiune pentru acestea  
C,27,273,2731,Fabricarea de cabluri cu fibră optică 
C,27,273,2732,Fabricarea altor fire şi cabluri electrice şi electronice 
C,27,273,2733,Fabricarea dispozitivelor de conexiune pentru fire şi cabluri electrice şi electronice 
C,27,274,  ,Fabricarea de echipamente electrice de iluminat 
C,27,274,2740,Fabricarea de echipamente electrice de iluminat 
C,27,275,  ,Fabricarea de echipamente casnice 
C,27,275,2751,Fabricarea de aparate electrocasnice 
C,27,275,2752,Fabricarea de echipamente casnice neelectrice 
C,27,279,  ,Fabricarea altor echipamente electrice 
C,27,279,2790,Fabricarea altor echipamente electrice 
C,28,,  ,"Fabricarea de maşini, utilaje şi echipamente n.c.a. "
C,28,281,  ,Fabricarea de maşini şi utilaje de utilizare generală 
C,28,281,2811,"Fabricarea de motoare şi turbine (cu excepţia celor pentru avioane, autovehicule   şi motociclete.) "
C,28,281,2812,Fabricarea de motoare hidraulice 
C,28,281,2813,Fabricarea de pompe şi compresoare 
C,28,281,2814,Fabricarea de articole de robinetărie 
C,28,281,2815,"Fabricarea lagărelor, angrenajelor, cutiilor de viteză şi a elementelor mecanice de transmisie "
C,28,282,  ,Fabricarea altor maşini şi utilaje de utilizare generală 
C,28,282,2821,"Fabricarea cuptoarelor, furnalelor şi arzătoarelor "
C,28,282,2822,Fabricarea echipamentelor de ridicat şi manipulat 
C,28,282,2823,Fabricarea maşinilor şi echipamentelor de birou (exceptând fabricarea calculatoarelor şi a echipamentelor periferice) 
C,28,282,2824,Fabricarea maşinilor-unelte portabile acţionate electric 
C,28,282,2825,"Fabricarea echipamentelor de ventilaţie şi frigorifice, exceptând echipamentele de uz casnic  "
C,28,282,2829,Fabricarea altor maşini şi utilaje de utilizare generală n.c.a. 
C,28,283,  ,Fabricarea masinilor şi utilajelor pentru agricultură şi exploatări forestiere 
C,28,283,2830,Fabricarea masinilor şi utilajelor pentru agricultură şi exploatări forestiere 
C,28,284,  ,Fabricarea utilajelor pentru prelucrarea metalului şi a maşinilor-unelte 
C,28,284,2841,Fabricarea utilajelor şi a maşinilor-unelte pentru prelucrarea metalului 
C,28,284,2842,Fabricarea altor maşini-unelte n.c.a. 
C,28,289,  ,Fabricarea altor maşini şi utilaje cu destinaţie specifică 
C,28,289,2891,Fabricarea utilajelor pentru metalurgie 
C,28,289,2892,Fabricarea utilajelor pentru extracţie şi construcţii 
C,28,289,2893,"Fabricarea utilajelor pentru prelucrarea produselor alimentare, băuturilor şi tutunului "
C,28,289,2894,"Fabricarea utilajelor pentru industria textilă, a îmbrăcămintei şi a pielăriei "
C,28,289,2895,Fabricarea utilajelor pentru industria hârtiei şi cartonului 
C,28,289,2896,Fabricarea utilajelor pentru prelucrarea maselor plastice şi a cauciucului 
C,28,289,2897,Fabricarea mașinilor și utilajelor pentru fabricația aditivă (care utilizează tehnologia de fabricație aditivă) 
C,28,289,2899,Fabricarea altor maşini şi utilaje specifice n.c.a. 
C,29,,  ,"Fabricarea autovehiculelor de transport rutier, a remorcilor şi semiremorcilor "
C,29,291,  ,Fabricarea autovehiculelor de transport rutier 
C,29,291,2910,Fabricarea autovehiculelor de transport rutier 
C,29,292,  ,Producţia de caroserii pentru autovehicule; fabricarea de remorci şi semiremorci 
C,29,292,2920,Producţia de caroserii pentru autovehicule; fabricarea de remorci şi semiremorci 
C,29,293,  ,Producţia de piese şi accesorii pentru autovehicule şi pentru motoare de autovehicule 
C,29,293,2931,Fabricarea de echipamente electrice şi electronice pentru autovehicule şi pentru motoare de autovehicule 
C,29,293,2932,Fabricarea altor piese şi accesorii pentru autovehicule şi pentru motoare de autovehicule 
C,30,,  ,Fabricarea altor mijloace de transport 
C,30,301,  ,Construcţia de nave şi bărci 
C,30,301,3011,Construcţia de nave civile şi structuri plutitoare 
C,30,301,3012,Construcţia de ambarcaţiuni sportive şi de agrement 
C,30,301,3013,Construcţia de nave și vase militare 
C,30,302,  ,Fabricarea materialului rulant 
C,30,302,3020,Fabricarea materialului rulant 
C,30,303,  ,Fabricarea de aeronave şi nave spaţiale 
C,30,303,3031,"Fabricarea de aeronave şi nave spaţiale, civile "
C,30,303,3032,"Fabricarea de aeronave şi nave spaţiale, militare "
C,30,304,  ,Fabricarea vehiculelor militare de luptă 
C,30,304,3040,Fabricarea vehiculelor militare de luptă 
C,30,309,  ,Fabricarea altor echipamente de transport n.c.a. 
C,30,309,3091,Fabricarea de motociclete 
C,30,309,3092,Fabricarea de biciclete şi de de vehicule pentru invalizi 
C,30,309,3099,Fabricarea altor mijloace de transport n.c.a. 
C,31,, ,Fabricarea de mobilă  
C,31,310,  ,Fabricarea de mobilă  
C,31,310,3100,Fabricarea de mobilă 
C,32,,  ,Alte activităţi industriale  
C,32,321,  ,"Fabricarea bijuteriilor, imitaţiilor de bijuterii şi articolelor similare "
C,32,321,3211,Baterea monedelor 
C,32,321,3212,Fabricarea bijuteriilor şi articolelor similare din metale şi pietre preţioase 
C,32,321,3213,Fabricarea imitaţiilor de bijuterii şi articole similare  
C,32,322,  ,Fabricarea instrumentelor muzicale 
C,32,322,3220,Fabricarea instrumentelor muzicale 
C,32,323,  ,Fabricarea articolelor pentru sport 
C,32,323,3230,Fabricarea articolelor pentru sport 
C,32,324,  ,Fabricarea jocurilor şi jucăriilor 
C,32,324,3240,Fabricarea jocurilor şi jucăriilor 
C,32,325,  ,"Fabricarea de dispozitive, aparate şi instrumente medicale şi stomatologice "
C,32,325,3250,"Fabricarea de dispozitive, aparate şi instrumente medicale stomatologice "
C,32,329,  ,Alte activităţi industriale  
C,32,329,3291,Fabricarea măturilor şi periilor 
C,32,329,3299,Fabricarea altor produse manufacturiere n.c.a. 
C,33,,  ,"Repararea, întreţinerea şi instalarea maşinilor şi echipamentelor "
C,33,331,  ,"Repararea și întreținerea articolelor fabricate din metal, a maşinilor şi echipamentelor "
C,33,331,3311,Repararea și întreținerea articolelor fabricate din metal 
C,33,331,3312,Repararea și întreținerea maşinilor 
C,33,331,3313,Repararea și întreținerea echipamentelor electronice şi optice 
C,33,331,3314,Repararea și întreținerea echipamentelor electrice 
C,33,331,3315,"Repararea şi întreţinerea navelor şi bărcilor, civile "
C,33,331,3316,"Repararea şi întreţinerea aeronavelor şi navelor spaţiale, civile  "
C,33,331,3317,Repararea şi întreţinerea altor echipamente civile de transport n.c.a. 
C,33,331,3318,"Repararea şi întreţinerea vehiculelor militare de luptă, a navelor, vaselor, aeronavelor şi navelor spaţiale, militare  "
C,33,331,3319,Repararea și întreținerea altor echipamente 
C,33,332,  ,Instalarea maşinilor şi echipamentelor industriale 
C,33,332,3320,Instalarea maşinilor şi echipamentelor industriale 
D,,,  ,"SECŢIUNEA D - PRODUCŢIA ŞI FURNIZAREA DE ENERGIE ELECTRICĂ ŞI TERMICĂ, GAZE, APĂ CALDĂ ŞI AER CONDIŢIONAT "
D,35,,  ,"Producţia şi furnizarea de energie electrică şi termică, gaze, apă caldă şi aer condiţionat "
D,35,351,  ,"Producţia, transportul şi distribuţia energiei electrice "
D,35,351,3511,Producţia de energie electrică din resurse neregenerabile 
D,35,351,3512,Producţia de energie electrică din resurse regenerabile  
D,35,351,3513,Transportul energiei electrice 
D,35,351,3514,Distribuţia energiei electrice 
D,35,351,3515,Comercializarea energiei electrice 
D,35,351,3516,Depozitarea energiei electrice  
D,35,352,  ,Producţia gazelor; distribuţia combustibililor gazoşi prin conducte 
D,35,352,3521,Producţia gazelor 
D,35,352,3522,"Distribuţia combustibililor gazoşi, prin conducte "
D,35,352,3523,"Comercializarea combustibililor gazoşi, prin conducte "
D,35,352,3524,"Depozitarea gazelor, ca parte a serviciilor de furnizare  "
D,35,353,  ,Furnizarea de abur şi aer condiţionat 
D,35,353,3530,Furnizarea de abur şi aer condiţionat 
D,35,354, ,Activități ale agenților și brokerilor din domeniul energiei electrice și a gazelor naturale  
D,35,354,3540,Activități ale agenților și brokerilor din domeniul energiei electrice și a gazelor naturale  
E,,,  ,"SECŢIUNEA E - DISTRIBUŢIA APEI; SALUBRITATE, GESTIONAREA DEŞEURILOR, ACTIVITĂŢI DE DECONTAMINARE "
E,36,,  ,"Captarea, tratarea şi distribuţia apei "
E,36,360,  ,"Captarea, tratarea şi distribuţia apei "
E,36,360,3600,"Captarea, tratarea şi distribuţia apei "
E,37,,  ,Colectarea şi epurarea apelor uzate 
E,37,370,  ,Colectarea şi epurarea apelor uzate 
E,37,370,3700,Colectarea şi epurarea apelor uzate 
E,38,,  ,"Colectarea, tratarea şi eliminarea deşeurilor; activităţi de recuperare a materialelor reciclabile "
E,38,381,  ,Colectarea deşeurilor 
E,38,381,3811,Colectarea deşeurilor nepericuloase 
E,38,381,3812,Colectarea deşeurilor periculoase 
E,38,382,  ,Recuperarea materialelor 
E,38,382,3821,Recuperarea materialelor reciclabile 
E,38,382,3822,Producția de energie (electrică sau termică) prin tratarea deșeurilor (inclusiv prin incinerare) 
E,38,382,3823,Alte activități de tartare a deșeurilor  
E,38,383,  ,Eliminarea deșeurilor 
E,38,383,3831,Incinerarea deșeurilor fără producție de energie 
E,38,383,3832,Activități ale gropilor de gunoi sau a depozitelor permanente de deșeuri 
E,38,383,3833,Alte activități de eliminare a deșeurilor  
E,39,,  ,Activităţi şi servicii de decontaminare  
E,39,390,  ,Activităţi şi servicii de decontaminare  
E,39,390,3900,Activităţi şi servicii de decontaminare  
F,,,  ,SECŢIUNEA F - CONSTRUCŢII 
F,41,,  ,Construcţii de clădiri 
F,41,410,  ,Lucrări de construcţii a clădirilor rezidenţiale şi nerezidenţiale 
F,41,410,4100,Lucrări de construcţii a clădirilor rezidenţiale şi nerezidenţiale 
F,42,,  ,Lucrări de geniu civil 
F,42,421,  ,Lucrări de construcţii a drumurilor şi a căilor ferate 
F,42,421,4211,Lucrări de construcţii a drumurilor şi autostrăzilor 
F,42,421,4212,Lucrări de construcţii a căilor ferate de suprafaţă şi subterane. 
F,42,421,4213,Construcţia de poduri şi tuneluri 
F,42,422,  ,Lucrări de construcţii a proiectelor utilitare 
F,42,422,4221,Lucrări de construcţii a proiectelor utilitare pentru fluide 
F,42,422,4222,Lucrări de construcţii a proiectelor utilitare pentru electricitate şi telecomunicaţii 
F,42,429,  ,Lucrări de construcţii a altor proiecte inginereşti 
F,42,429,4291,Construcţii hidrotehnice 
F,42,429,4299,Lucrări de construcţii a altor proiecte inginereşti n.c.a. 
F,43,,  ,Lucrări speciale de construcţii 
F,43,431,  ,Lucrări de demolare şi de pregătire a terenului 
F,43,431,4311,Lucrări de demolare a construcţiilor 
F,43,431,4312,Lucrări de pregătire a terenului 
F,43,431,4313,Lucrări de foraj şi sondaj pentru construcţii 
F,43,432,  ,Lucrări de instalaţii electrice şi tehnico-sanitare şi alte lucrări de instalaţii pentru construcţii 
F,43,432,4321,Lucrări de instalaţii electrice 
F,43,432,4322,"Lucrări de instalaţii sanitare, de încălzire şi de aer condiţionat "
F,43,432,4323,Lucrări de izolații  
F,43,432,4324,Alte lucrări de instalaţii pentru construcţii 
F,43,433,  ,Lucrări de finisare 
F,43,433,4331,Lucrări de ipsoserie 
F,43,433,4332,Lucrări de tâmplărie şi dulgherie 
F,43,433,4333,Lucrări de pardosire şi placare a pereţilor 
F,43,433,4334,"Lucrări de vopsitorie, zugrăveli şi montări de geamuri "
F,43,433,4335,Alte lucrări de finisare 
F,43,434,  ,Lucrări speciale de construcţii pentru clădiri 
F,43,434,4341,"Lucrări de învelitori, şarpante şi terase la construcţii "
F,43,434,4342,Alte lucrări speciale de construcţii pentru clădiri 
F,43,435, ,Lucrări speciale de construcţii pentru proiecte de geniu civil  
F,43,435,4350,Lucrări speciale de construcţii pentru proiecte de geniu civil  
F,43,436, ,Servicii de intermediere pentru lucrări speciale de construcţii  
F,43,436,4360,Servicii de intermediere pentru lucrări speciale de construcţii  
F,43,439, ,Alte lucrări speciale de construcții 
F,43,439,4391,Activități de zidărie 
F,43,439,4399,Alte lucrări speciale de construcții n.c.a. 
G,,,  ,SECŢIUNEA G - COMERŢ CU RIDICATA ŞI CU AMĂNUNTUL;  
G,46,,  ,Comerţ cu ridicata  
G,46,461,  ,Activităţi de intermediere în comerţul cu ridicata 
G,46,461,4611,"Intermedieri în comerţul cu materii prime agricole, animale vii, materii prime textile şi cu semifabricate "
G,46,461,4612,"Intermedieri în comerţul cu combustibili, minereuri, metale şi produse chimice pentru industrie "
G,46,461,4613,Intermedieri în comerţul cu material lemnos şi materiale de construcţii 
G,46,461,4614,"Intermedieri în comerţul cu maşini, echipamente industriale, nave şi avioane "
G,46,461,4615,"Intermedieri în comerţul cu mobilă, articole de menaj şi de fierărie "
G,46,461,4616,"Intermedieri în comerţul cu textile, confecţii din blană, încălţăminte şi articole din piele  "
G,46,461,4617,"Intermedieri în comerţul cu produse alimentare, băuturi şi tutun "
G,46,461,4618,"Intermedieri în comerţul specializat în vânzarea produselor cu caracter specific, n.c.a. "
G,46,461,4619,Intermedieri în comerţul cu produse diverse 
G,46,462,  ,Comerţ cu ridicata al produselor agricole brute şi al animalelor vii 
G,46,462,4621,"Comerţ cu ridicata al cerealelor, seminţelor, furajelor şi tutunului neprelucrat "
G,46,462,4622,Comerţ cu ridicata al florilor şi al plantelor 
G,46,462,4623,Comerţ cu ridicata al animalelor vii 
G,46,462,4624,"Comerţ cu ridicata al blănurilor, pieilor brute şi al pieilor prelucrate "
G,46,463,  ,"Comerţ cu ridicata al produselor alimentare, al băuturilor şi al tutunului "
G,46,463,4631,Comerţ cu ridicata al fructelor şi legumelor 
G,46,463,4632,"Comerţ cu ridicata al cărnii şi produselor din carne, peşte şi produse din pește, crustacee şi moluşte "
G,46,463,4633,"Comerţ cu ridicata al produselor lactate, ouălor, uleiurilor şi grăsimilor comestibile "
G,46,463,4634,Comerţ cu ridicata al băuturilor  
G,46,463,4635,Comerţ cu ridicata al produselor din tutun 
G,46,463,4636,"Comerţ cu ridicata al zahărului, ciocolatei şi produselor zaharoase "
G,46,463,4637,"Comerţ cu ridicata cu cafea, ceai, cacao şi condimente "
G,46,463,4638,Comerţ cu ridicata specializat al altor alimente 
G,46,463,4639,"Comerţ cu ridicata nespecializat de produse alimentare, băuturi şi tutun "
G,46,464,  ,Comerţ cu ridicata al bunurilor de consum 
G,46,464,4641,Comerţ cu ridicata al produselor textile 
G,46,464,4642,Comerţ cu ridicata al îmbrăcămintei şi încălţămintei 
G,46,464,4643,"Comerţ cu ridicata al aparatelor electrice de uz gospodăresc, al aparatelor de radio şi televizoarelor "
G,46,464,4644,"Comerţ cu ridicata al produselor din ceramică, sticlărie, şi produse de întreţinere "
G,46,464,4645,Comerţ cu ridicata al produselor cosmetice şi de parfumerie 
G,46,464,4646,Comerţ cu ridicata al produselor farmaceutice și medicale 
G,46,464,4647,"Comerţ cu ridicata al mobilei (inclusiv de birou și pentru magazine), covoarelor şi a articolelor de iluminat "
G,46,464,4648,Comerţ cu ridicata al ceasurilor şi bijuteriilor 
G,46,464,4649,Comerţ cu ridicata al altor bunuri de uz gospodăresc 
G,46,465,  ,Comerţ cu ridicata al echipamentului informatic şi de telecomunicaţii 
G,46,465,4650,Comerţ cu ridicata al echipamentului informatic şi de telecomunicaţii 
G,46,466,  ,"Comerţ cu ridicata al altor maşini, echipamente şi furnituri "
G,46,466,4661,"Comerţ cu ridicata al maşinilor agricole, echipamentelor şi furniturilor "
G,46,466,4662,Comerţ cu ridicata al maşinilor-unelte 
G,46,466,4663,Comerţ cu ridicata al maşinilor pentru industria minieră şi construcţii 
G,46,466,4664,Comerţ cu ridicata al altor maşini şi echipamente 
G,46,467, ,Comerţ cu ridicata al autovehiculelor şi motocicletelor; comerţ cu ridicata al pieselor şi accesoriilor pentru autovehicule și motociclete  
G,46,467,4671,Comerţ cu ridicata al autovehiculelor  
G,46,467,4672,Comerţ cu ridicata al pieselor şi accesoriilor pentru autovehicule  
G,46,467,4673,Comerţ cu ridicata al motocicletelor; comerț cu ridicata al pieselor şi accesoriilor pentru motociclete  
G,46,468,  ,Comerţ cu ridicata specializat al altor produse 
G,46,468,4681,"Comerţ cu ridicata al combustibililor solizi, lichizi şi gazoşi şi al produselor derivate "
G,46,468,4682,Comerţ cu ridicata al metalelor şi minereurilor metalice 
G,46,468,4683,Comerţ cu ridicata al materialului lemnos şi a materialelor de construcţie şi echipamentelor sanitare 
G,46,468,4684,Comerţ cu ridicata al echipamentelor şi furniturilor de fierărie pentru instalaţii sanitare şi de încălzire 
G,46,468,4685,Comerţ cu ridicata al produselor chimice 
G,46,468,4686,Comerţ cu ridicata al altor produse intermediare 
G,46,468,4687,Comerţ cu ridicata al deşeurilor şi resturilor 
G,46,468,4689,Comerţ cu ridicata specializat al altor produse n.c.a.  
G,46,469,  ,Comerţ cu ridicata nespecializat 
G,46,469,4690,Comerţ cu ridicata nespecializat 
G,47,,  ,Comerţ cu amănuntul 
G,47,471,  ,Comerţ cu amănuntul nespecializat  
G,47,471,4711,"Comerţ cu amănuntul nespecializat, cu vânzare predominantă de produse alimentare, băuturi şi tutun "
G,47,471,4712,"Comerţ cu amănuntul nespecializat, cu vânzare predominantă de produse nealimentare "
G,47,472,  ,"Comerţ cu amănuntul al produselor alimentare, băuturilor şi al produselor din tutun "
G,47,472,4721,Comerţ cu amănuntul al fructelor şi legumelor proaspete 
G,47,472,4722,Comerţ cu amănuntul al cărnii şi al produselor din carne 
G,47,472,4723,"Comerţ cu amănuntul al peştelui, crustaceelor şi moluştelor "
G,47,472,4724,"Comerţ cu amănuntul al pâinii, produselor de patiserie şi produselor zaharoase "
G,47,472,4725,Comerţ cu amănuntul al băuturilor 
G,47,472,4726,Comerţ cu amănuntul al produselor din tutun 
G,47,472,4727,Comerţ cu amănuntul al altor produse alimentare  
G,47,473,  ,Comerţ cu amănuntul al carburanţilor pentru autovehicule î 
G,47,473,4730,Comerţ cu amănuntul al carburanţilor pentru autovehicule  
G,47,474,  ,Comerţ cu amănuntul al echipamentului informatic şi de telecomunicaţii  
G,47,474,4740,Comerţ cu amănuntul al echipamentului informatic şi de telecomunicaţii 
G,47,475,  ,Comerţ cu amănuntul al altor produse casnice 
G,47,475,4751,Comerţ cu amănuntul al textilelor 
G,47,475,4752,"Comerţ cu amănuntul al articolelor de fierărie, al materialelor de construcții, al articolelor din sticlă şi a celor pentru vopsit "
G,47,475,4753,"Comerţ cu amănuntul al covoarelor, carpetelor, tapetelor şi a altor acoperitoare de podea "
G,47,475,4754,Comerţ cu amănuntul al articolelor şi aparatelor electrocasnice 
G,47,475,4755,"Comerţ cu amănuntul al mobilei, al articolelor de iluminat şi al altor articole de uz casnic n.c.a. "
G,47,476,  ,Comerţ cu amănuntul de bunuri culturale şi recreative 
G,47,476,4761,Comerţ cu amănuntul al cărţilor 
G,47,476,4762,Comerţ cu amănuntul al ziarelor şi articolelor de papetărie 
G,47,476,4763,Comerţ cu amănuntul al echipamentelor sportive 
G,47,476,4764,Comerţ cu amănuntul al jocurilor şi jucăriilor 
G,47,476,4769,Comerţ cu amănuntul de bunuri culturale şi recreative n.c.a.  
G,47,477,  ,"Comerţ cu amănuntul al altor bunuri, cu excepţia autovehiculelor şi motociclete "
G,47,477,4771,Comerţ cu amănuntul al îmbrăcămintei 
G,47,477,4772,Comerţ cu amănuntul al încălţămintei şi articolelor din piele 
G,47,477,4773,Comerţ cu amănuntul al produselor farmaceutice 
G,47,477,4774,Comerţ cu amănuntul al articolelor medicale şi ortopedice 
G,47,477,4775,Comerţ cu amănuntul al produselor cosmetice şi de parfumerie 
G,47,477,4776,"Comerţ cu amănuntul al florilor, plantelor şi seminţelor; comerţ cu amănuntul al animalelor de companie şi a hranei pentru acestea "
G,47,477,4777,Comerţ cu amănuntul al ceasurilor şi bijuteriilor 
G,47,477,4778,Comerţ cu amănuntul al altor bunuri noi  
G,47,477,4779,Comerţ cu amănuntul al bunurilor de ocazie  
G,47,478,  ,Comerţ cu amănuntul al autovehiculelor şi motocicletelor; comerţ cu amănuntul al pieselor şi accesoriilor pentru autovehicule și motociclete 
G,47,478,4781,Comerţ cu amănuntul al autovehiculelor  
G,47,478,4782,Comerţ cu amănuntul al pieselor şi accesoriilor pentru autovehicule  
G,47,478,4783,Comerţ cu amănuntul al motocicletelor; comerț cu amănuntul al pieselor şi accesoriilor pentru motociclete  
G,47,479, ,Activităţi de intermediere în comerţul cu amănuntul  
G,47,479,4791,Intermedieri în comerţul cu amănuntul nespecializat  
G,47,479,4792,Intermedieri în comerţul cu amănuntul specializat  
H,,,  ,SECŢIUNEA H - TRANSPORT ŞI DEPOZITARE 
H,49,,  ,Transporturi terestre şi transporturi prin conducte 
H,49,491,  ,Transporturi de călători pe calea ferată 
H,49,491,4911,Transport de pasageri pe căi ferate grele/magistrale 
H,49,491,4912,Alte transporturi de pasageri pe căi ferate ușoare 
H,49,492,  ,Transporturi de marfă pe calea ferată 
H,49,492,4920,Transporturi de marfă pe calea ferată 
H,49,493,  , Alte transporturi terestre de călători  
H,49,493,4931,"Transporturi terestre de pasageri, pe bază de grafic "
H,49,493,4932,"Transporturi terestre de pasageri, ocazionale  "
H,49,493,4933,"Transporturi terestre de pasageri cu vehicule cu șofer, pe bază de comandă "
H,49,493,4934,"Transporturi de pasageri cu funiculare, teleferice și schilifturi  "
H,49,493,4939,Alte transporturi terestre de călători n.c.a. 
H,49,494,  ,Transporturi rutiere de mărfuri şi servicii de mutare 
H,49,494,4941,Transporturi rutiere de mărfuri 
H,49,494,4942,Servicii de mutare 
H,49,495,  ,Transporturi prin conducte 
H,49,495,4950,Transporturi prin conducte 
H,50,,  ,Transporturi pe apă 
H,50,501,  ,Transporturi maritime şi costiere de pasageri 
H,50,501,5010,Transporturi maritime şi costiere de pasageri 
H,50,502,  ,Transporturi maritime şi costiere de marfă 
H,50,502,5020,Transporturi maritime şi costiere de marfă 
H,50,503,  ,Transporturi de pasageri pe căi navigabile interioare 
H,50,503,5030,Transportul de pasageri pe căi navigabile interioare 
H,50,504,  ,Transportul de marfă pe căi navigabile interioare 
H,50,504,5040,Transportul de marfă pe căi navigabile interioare 
H,51,,  ,Transporturi aeriene 
H,51,511,  ,Transporturi aeriene de pasageri 
H,51,511,5110,Transporturi aeriene de pasageri 
H,51,512,  ,Transporturi aeriene de marfă şi transporturi spaţiale 
H,51,512,5121,Transporturi aeriene de marfă 
H,51,512,5122,Transporturi spaţiale 
H,52,,  ,Depozitare şi activităţi auxiliare pentru transporturi 
H,52,521,  ,Depozitări 
H,52,521,5210,Depozitări 
H,52,522,  ,Activităţi anexe pentru transporturi 
H,52,522,5221,Activităţi de servicii anexe pentru transporturi terestre 
H,52,522,5222,Activităţi de servicii anexe transporturilor pe apă 
H,52,522,5223,Activităţi de servicii anexe transporturilor aeriene 
H,52,522,5224,Manipulări 
H,52,522,5225,Activități de servicii logistice pentru transporturi  
H,52,522,5226,Alte activităţi anexe transporturilor 
H,52,523, ,Activităţi de intermediere pentru transporturi  
H,52,523,5231,Activităţi de intermediere pentru transportul de marfă  
H,52,523,5232,Activităţi de intermediere pentru transportul de pasageri  
H,53,,  ,Activităţi de poştă şi de curier 
H,53,531,  ,Activităţi poştale desfăşurate sub obligativitatea serviciului universal 
H,53,531,5310,Activităţi poştale desfăşurate sub obligativitatea serviciului universal 
H,53,532,  ,Alte activităţi poştale şi de curier  
H,53,532,5320,Alte activităţi poştale şi de curier  
H,53,533, ,Servicii de intermediere pentru activităţi poştale şi de curier  
H,53,533,5330,Servicii de intermediere pentru activităţi poştale şi de curier  
I,,,  ,SECŢIUNEA I - HOTELURI ŞI RESTAURANTE 
I,55,,  ,Hoteluri şi alte facilităţi de cazare 
I,55,551,  ,Hoteluri şi alte facilităţi de cazare similare 
I,55,551,5510,Hoteluri şi alte facilităţi de cazare similare 
I,55,552,  ,Facilităţi de cazare pentru vacanţe şi perioade de scurtă durată 
I,55,552,5520,Facilităţi de cazare pentru vacanţe şi perioade de scurtă durată 
I,55,553,  ,"Parcuri pentru rulote, campinguri şi tabere  "
I,55,553,5530,"Parcuri pentru rulote, campinguri şi tabere  "
I,55,554, ,Intermedieri pentru servicii de cazare  
I,55,554,5540,Intermedieri pentru servicii de cazare  
I,55,559,  ,Alte servicii de cazare 
I,55,559,5590,Alte servicii de cazare 
I,56,,  ,Restaurante şi alte activităţi de servicii de alimentaţie 
I,56,561,  ,Restaurante 
I,56,561,5611,Restaurante 
I,56,561,5612,Activități ale unităților mobile de alimentație 
I,56,562,  ,Activităţi de alimentaţie (catering) pentru evenimente şi alte servicii de alimentaţie 
I,56,562,5621,Activităţi de alimentaţie (catering) pentru evenimente 
I,56,562,5622,Alte servicii de alimentaţie n.c.a. 
I,56,563,  ,Baruri şi alte activităţi de servire a băuturilor 
I,56,563,5630,Baruri şi alte activităţi de servire a băuturilor 
I,56,564, ,Intermedieri pentru servicii de alimentație și de servire a băuturilor  
I,56,564,5640,Intermedieri pentru servicii de alimentație și de servire a băuturilor  
J,,,  ,SECŢIUNEA J - ACTIVITĂȚI DE EDITARE; DIFUZAREA DE PROGRAME DE RADIO ȘI TELEVIZIUNE; ACTIVITĂȚI DE PRODUCȚIE ȘI DISTRIBUȚIE DE CONȚINUTURI 
J,58,,  ,Activităţi de editare 
J,58,581,  ,"Activităţi de editare a cărţilor, ziarelor, revistelor şi alte activităţi de editare  "
J,58,581,5811,Activităţi de editare a cărţilor 
J,58,581,5812,Activităţi de editare a ziarelor 
J,58,581,5813,Activităţi de editare a revistelor şi periodicelor 
J,58,581,5819,Alte activităţi de editare 
J,58,582,  ,Activităţi de editare a produselor software 
J,58,582,5821,Activităţi de editare a jocurilor de calculator 
J,58,582,5829,Activităţi de editare a altor produse software 
J,59,,  ,"Activităţi de producţie cinematografică, video şi de programe de televiziune; înregistrări audio şi activităţi de editare muzicală "
J,59,591,  ,"Activităţi de producţie cinematografică, video şi de programe de televiziune "
J,59,591,5911,"Activităţi de producţie cinematografică, video şi de programe de televiziune "
J,59,591,5912,"Activităţi post-producţie cinematografică, video şi de programe de televiziune "
J,59,591,5913,"Activităţi de distribuţie a filmelor cinematografice, video şi a programelor de televiziune "
J,59,591,5914,Proiecţia de filme cinematografice 
J,59,592,  ,Activităţi de realizare a înregistrărilor audio şi activităţi de editare muzicală 
J,59,592,5920,Activităţi de realizare a înregistrărilor audio şi activităţi de editare muzicală 
J,60,,  ,"Activităţi de difuzare şi transmitere de programe, agenții de știri și alte activitoți de distribuție de conținut "
J,60,601,  ,"Activităţi radiodifuziune, activități de distribuție de programe audio "
J,60,601,6010,"Activităţi radiodifuziune, activități de distribuție de programe audio "
J,60,602,  ,"Activităţi de difuzare a programelor de televiziune, activități de distribuție de programe video "
J,60,602,6020,"Activităţi de difuzare a programelor de televiziune, activități de distribuție de programe video "
J,60,603,  ,Activităţi ale agenţiilor de ştiri și de distribuție a altor conținuturi  
J,60,603,6031,Activităţi ale agenţiilor de ştiri  
J,60,603,6039,Activități de distribuție a altor conținuturi  
K,,, ,SECŢIUNEA K – TELECOMUNICAȚII; ACTIVITĂȚI DE PROGRAMARE ȘI DE CONSULTANȚĂ ÎN TEHNOLOGIA INFORMAȚIEI; ALTE SERVICII INFORMAȚIONALE  
K,61,,  ,Telecomunicaţii 
K,61,611,  ,"Activităţi de telecomunicaţii prin reţele cu cablu, prin rețele fără cablu și prin satelit  "
K,61,611,6110,"Activităţi de telecomunicaţii prin reţele cu cablu, prin rețele fără cablu și prin satelit "
K,61,612, ,Activități de revânzare a serviciilor de telecomunicații și servicii de intermediere pentru telecomunicații 
K,61,612,6120,Activități de revânzare a serviciilor de telecomunicații și servicii de intermediere pentru telecomunicații 
K,61,619,  ,Alte activităţi de telecomunicaţii 
K,61,619,6190,Alte activităţi de telecomunicaţii 
K,62,,  ,Activităţi de programare și activități de consultanță în tehnologia informaţiei 
K,62,621, ,Activităţi de programare  
K,62,621,6210,Activităţi de realizare a soft-ului la comandă (software orientat client) 
K,62,622, ,Activităţi de consultanţă în tehnologia informaţiei și de management (gestiune şi exploatare) a mijloacelor de calcul  
K,62,622,6220,Activităţi de consultanţă în tehnologia informaţiei și de management (gestiune şi exploatare) a mijloacelor de calcul 
K,62,629, ,Alte activităţi de servicii privind tehnologia informaţiei 
K,62,629,6290,Alte activităţi de servicii privind tehnologia informaţiei  
K,63,,  ,"Activităţi ale portalurilor web, prelucrarea datelor, administrarea paginilor web şi activităţi conexe "
K,63,631,  ,"Prelucrarea datelor, administrarea paginilor web şi activităţi conexe "
K,63,631,6310,"Prelucrarea datelor, administrarea paginilor web şi activităţi conexe "
K,63,639,  ,Activităţi ale portalurilor web și alte activităţi de servicii informaţionale 
K,63,639,6391,Activităţi ale portalurilor web 
K,63,639,6392,Alte activităţi de servicii informaţionale n.c. a 
L,,,  ,SECŢIUNEA L- INTERMEDIERI FINANCIARE ŞI ASIGURARI 
L,64,,  ,"Intermedieri financiare, cu excepţia activităţilor de asigurări şi ale fondurilor de pensii "
L,64,641,  ,Intermediere monetară 
L,64,641,6411,Activităţi ale băncii centrale (naţionale) 
L,64,641,6419,Alte activităţi de intermedieri monetare 
L,64,642,  ,Activităţi ale holding-urilor și canalelor de finanțare 
L,64,642,6421,Activităţi ale holding-urilor 
L,64,642,6422,Activităţi ale canalelor de finanțare  
L,64,643,  ,Activități ale fondurilor de investiții; fonduri mutuale şi alte entităţi financiare similare 
L,64,643,6431,Activități ale fondurilor de investiții de pe piața monetară și ale fondurilor de investiții din afara pieței monetare  
L,64,643,6432,Fonduri mutuale şi alte entităţi financiare similare 
L,64,649,  ,"Alte activităţi de intermedieri financiare, exceptând activităţi de asigurări şi fonduri de pensii "
L,64,649,6491,Leasing financiar 
L,64,649,6492,Alte activităţi de creditare 
L,64,649,6499,"Alte intermedieri financiare n.c.a., exceptând activităţi de asigurări şi fonduri de pensii "
L,65,,  ,"Activităţi de asigurări, reasigurări şi ale fondurilor de pensii (cu excepţia celor din sistemul public de asigurări sociale) "
L,65,651,  ,Activităţi de asigurări 
L,65,651,6511,Activităţi de asigurări de viaţă 
L,65,651,6512,Alte activităţi de asigurări (exceptând asigurările de viaţă) 
L,65,652,  ,Activităţi de reasigurare 
L,65,652,6520,Activităţi de reasigurare 
L,65,653,  ,Activităţi ale fondurilor de pensii (cu excepţia celor din sistemul public de asigurări sociale) 
L,65,653,6530,Activităţi ale fondurilor de pensii (cu excepţia celor din sistemul public de asigurări sociale) 
L,66,,  ,"Activităţi auxiliare pentru intermedieri financiare, activităţi de asigurare şi fonduri de pensii "
L,66,661,  ,"Activităţi auxiliare intermedierilor financiare, cu excepţia activităţilor de asigurări şi fonduri de pensii "
L,66,661,6611,Administrarea pieţelor financiare 
L,66,661,6612,Activităţi de intermediere a tranzacţiilor financiare  
L,66,661,6619,"Activităţi auxiliare intermedierilor financiare, exceptând activităţi de asigurări şi fonduri de pensii "
L,66,662,  ,Activităţi auxiliare de asigurări şi fonduri de pensii 
L,66,662,6621,Activităţi de evaluare a riscului de asigurare şi a pagubelor 
L,66,662,6622,Activităţi ale agenţilor şi broker-ilor de asigurări  
L,66,662,6629,Alte activităţi auxiliare de asigurări şi fonduri de pensii 
L,66,663,  ,Activităţi de administrare a fondurilor 
L,66,663,6630,Activităţi de administrare a fondurilor 
M,,,  ,SECŢIUNEA M - TRANZACŢII IMOBILIARE 
M,68,,  ,Tranzacţii imobiliare 
M,68,681,  ,Cumpărarea şi vânzarea de bunuri imobiliare proprii și dezvoltare imobiliară 
M,68,681,6811,Cumpărarea şi vânzarea de bunuri imobiliare proprii 
M,68,681,6812,Dezvoltare (promovare) imobiliară 
M,68,682,  ,Închirierea şi subînchirierea bunurilor imobiliare proprii sau închiriate 
M,68,682,6820,Închirierea şi subînchirierea bunurilor imobiliare proprii sau închiriate 
M,68,683,  ,Activităţi imobiliare pe bază de comision sau contract 
M,68,683,6831,Servicii de intermediere a tranzacțiilor imobiliare  
M,68,683,6832,Alte activități pentru tranzacții imobiliare pe bază de comision sau contract 
N,,,  ,"SECŢIUNEA N - ACTIVITĂŢI PROFESIONALE, ŞTIINŢIFICE ŞI TEHNICE "
N,69,,  ,Activităţi juridice şi de contabilitate 
N,69,691,  ,Activităţi juridice 
N,69,691,6910,Activităţi juridice 
N,69,692,  ,Activităţi de contabilitate şi audit financiar; consultanţă în domeniul fiscal 
N,69,692,6920,Activităţi de contabilitate şi audit financiar; consultanţă în domeniul fiscal 
N,70,,  ,"Activităţi ale direcţiilor(centralelor), birourilor administrative centralizate; activităţi de management şi de consultanţă în management "
N,70,701,  ,"Activităţi ale direcţiilor(centralelor), birourilor administrative centralizate "
N,70,701,7010,"Activităţi ale direcţiilor(centralelor), birourilor administrative centralizate "
N,70,702,  ,Activităţi de consultanţă în afaceri și management 
N,70,702,7020,Activităţi de consultanţă în afaceri și management  
N,71,,  ,Activităţi de arhitectură şi inginerie; activităţi de testări şi analiză tehnică 
N,71,711,  ,"Activităţi de arhitectură, inginerie şi servicii de consultanţă tehnică legate de acestea "
N,71,711,7111,Activităţi de arhitectură 
N,71,711,7112,Activităţi de inginerie şi consultanţă tehnică legate de acestea 
N,71,712,  ,Activităţi de testări şi analize tehnice 
N,71,712,7120,Activităţi de testări şi analize tehnice 
N,72,,  ,Cercetare-dezvoltare 
N,72,721,  ,Cercetare-dezvoltare în ştiinţe naturale şi inginerie 
N,72,721,7210,Cercetare-dezvoltare în ştiinţe naturale şi inginerie 
N,72,722,  ,Cercetare-dezvoltare în ştiinţe sociale şi umaniste 
N,72,722,7220,Cercetare-dezvoltare în ştiinţe sociale şi umaniste 
N,73,,  ,"Publicitate, activităţi de studiere a pieţei și relatii publice "
N,73,731,  ,Publicitate 
N,73,731,7311,Activităţi ale agenţiilor de publicitate 
N,73,731,7312,Servicii de reprezentare media 
N,73,732,  ,Activităţi de studiere a pieţei şi de sondare a opiniei publice 
N,73,732,7320,Activităţi de studiere a pieţei şi de sondare a opiniei publice 
N,73,733, ,Activităţi în domeniul relaţiilor publice şi al comunicării  
N,73,733,7330,Activităţi în domeniul relaţiilor publice şi al comunicării  
N,74,,  ,"Alte activităţi profesionale, stiinţifice şi tehnice "
N,74,741,  ,Activităţi de design specializat 
N,74,741,7411,Activități de design industrial și vestimentar  
N,74,741,7412,Design grafic și activități de comunicare vizuală  
N,74,741,7413,Activități de design de interior  
N,74,741,7414,Alte activităţi de design specializat  
N,74,742,  ,Activităţi fotografice 
N,74,742,7420,Activităţi fotografice 
N,74,743,  ,Activităţi de traducere scrisă şi orală (interpreţi)  
N,74,743,7430,Activităţi de traducere scrisă şi orală (interpreţi)  
N,74,749,  ,"Alte activităţi profesionale, stiinţifice şi tehnice n.c.a. "
N,74,749,7491,Activități de brokeraj în materie de brevete și servicii de marketing  
N,74,749,7499,"Alte activităţi profesionale, stiinţifice şi tehnice n.c.a.  "
N,75,,  ,Activităţi veterinare 
N,75,750,  ,Activităţi veterinare 
N,75,750,7500,Activităţi veterinare 
O,,,  ,SECŢIUNEA O- ACTIVITĂŢI DE SERVICII ADMINISTRATIVE ŞI ACTIVITĂŢI DE SERVICII SUPORT 
O,77,,  ,Activităţi de închiriere şi leasing 
O,77,771,  ,Activităţi de închiriere şi leasing cu autovehicule 
O,77,771,7711,Activităţi de închiriere şi leasing cu autoturisme şi autovehicule rutiere uşoare 
O,77,771,7712,Activităţi de închiriere şi leasing cu autovehicule rutiere grele 
O,77,772,  ,Activităţi de închiriere şi leasing cu bunuri personale şi gospodăreşti  
O,77,772,7721,Activităţi de închiriere şi leasing cu bunuri recreaţionale şi echipament sportiv 
O,77,772,7722,Activităţi de închiriere şi leasing cu alte bunuri personale şi gospodăreşti n.c.a. 
O,77,773,  ,"Activităţi de închiriere şi leasing cu alte maşini, echipamente şi bunuri tangibile  "
O,77,773,7731,Activităţi de închiriere şi leasing cu maşini şi echipamente agricole 
O,77,773,7732,Activităţi de închiriere şi leasing cu maşini şi echipamente pentru construcţii 
O,77,773,7733,Activităţi de închiriere şi leasing cu maşini şi echipamente de birou (inclusiv calculatoare) 
O,77,773,7734,Activităţi de închiriere şi leasing cu echipamente de transport pe apă 
O,77,773,7735,Activităţi de închiriere şi leasing cu echipamente de transport aerian 
O,77,773,7739,"Activităţi de închirierea şi leasing cu alte maşini, echipamente şi bunuri tangibile n.c.a. "
O,77,774,  ,Leasing cu bunuri intangibile (cu excepția lucrărilor care fac obiectul drepturilor de autor) 
O,77,774,7740,Leasing cu bunuri intangibile (cu excepția lucrărilor care fac obiectul drepturilor de autor) 
O,77,775, ,Servicii de intermediere pentru închirierea și leasingul de bunuri corporale și bunuri intangibile (exceptând financiare)  
O,77,775,7751,"Servicii de intermediere pentru închirierea și leasingul autoturismelor, autorulotelor și remorcilor  "
O,77,775,7752,Servicii de intermediere pentru închirierea și leasingul altor bunuri corporale și bunuri intangibile (exceptând financiare)  
O,78,,  ,Activităţi de servicii privind forţa de muncă 
O,78,781,  ,Activităţi ale agenţiilor de plasare a forţei de muncă 
O,78,781,7810,Activităţi ale agenţiilor de plasare a forţei de muncă 
O,78,782,  ,Activități ale agențiilor de plasare temporară a forței de muncă și furnizarea altor resurse umane 
O,78,782,7820,Activități ale agențiilor de plasare temporară a forței de muncă și furnizarea altor resurse umane 
O,79,,  ,Activităţi ale agenţiilor turistice şi a tur-operatorilor; alte servicii de rezervare şi asistenţă turistică 
O,79,791,  ,Activităţi ale agenţiilor turistice şi a tur-operatorilor 
O,79,791,7911,Activităţi ale agenţiilor turistice 
O,79,791,7912,Activităţi ale tur-operatorilor 
O,79,799,  ,Alte servicii de rezervare şi asistenţă turistică 
O,79,799,7990,Alte servicii de rezervare şi asistenţă turistică 
O,80,,  ,Activităţi de investigaţii şi protecţie 
O,80,800, ,Activități de investigații și protecție   
O,80,800,8001,Activități de investigații și servicii private de protecție   
O,80,800,8009,Alte activități de protecție n.c.a.   
O,81,,  ,Activităţi de peisagistică şi servicii pentru clădiri 
O,81,811,  ,Activităţi de servicii suport combinate 
O,81,811,8110,Activităţi de servicii suport combinate 
O,81,812,  ,Activităţi de curăţenie 
O,81,812,8121,Activităţi generale de curăţenie a clădirilor 
O,81,812,8122,Activităţi specializate de curăţenie  
O,81,812,8123,Alte activităţi de curăţenie  
O,81,813,  ,Activităţi de înteţinere peisagistică  
O,81,813,8130,Activităţi de înteţinere peisagistică  
O,82,,  ,"Activităţi de secretariat, servicii suport şi alte activităţi de servicii prestate în principal întreprinderilor "
O,82,821,  ,Activităţi de secretariat şi servicii suport   
O,82,821,8210,Activităţi de secretariat şi servicii suport 
O,82,822,  ,Activităţi ale centrelor de intermediere telefonică (call center) 
O,82,822,8220,Activităţi ale centrelor de intermediere telefonică (call center) 
O,82,823,  ,"Activităţi de organizare a expoziţiilor, târgurilor şi congreselor "
O,82,823,8230,"Activităţi de organizare a expoziţiilor, târgurilor şi congreselor "
O,82,824, ,Activități de intermediere pentru servicii suport pentru întreprinderi n.c.a.   
O,82,824,8240,Activități de intermediere pentru servicii suport pentru întreprinderi n.c.a.   
O,82,829,  ,Activităţi de servicii suport pentru întreprinderi n.c.a. 
O,82,829,8291,Activităţi ale agenţiilor de colectare şi a birourilor (oficiilor) de raportare a creditului 
O,82,829,8292,Activităţi de ambalare 
O,82,829,8299,Alte activităţi de servicii suport pentru întreprinderi n.c.a. 
P,,,  ,SECŢIUNEA P -ADMINISTRAŢIE PUBLICĂ ŞI APĂRARE; ASIGURĂRI SOCIALE DIN SISTEMUL PUBLIC 
P,84,,  ,Administraţie publică şi apărare; asigurări sociale din sistemul public 
P,84,841,  ,"Administraţie publică generală, economică şi socială "
P,84,841,8411,Activități de administraţie publică generală 
P,84,841,8412,"Reglementarea activităţilor organismelor care prestează servicii în domeniul îngrijirii sănătăţii, învăţământului, culturii şi al altor activităţi sociale, exceptând protecţia socială "
P,84,841,8413,Reglementarea şi eficientizarea activităţilor economice 
P,84,842,  ,Activităţi de servicii pentru societate 
P,84,842,8421,Activităţi de afaceri externe 
P,84,842,8422,Activităţi de apărare naţională 
P,84,842,8423,Activităţi de justiţie 
P,84,842,8424,Activităţi de ordine publică şi de protecţie civilă 
P,84,842,8425,Activităţi de luptă împotriva incendiilor şi de prevenire a acestora 
P,84,843,  ,Activităţi de protecţie socială obligatorie 
P,84,843,8430,Activităţi de protecţie socială obligatorie 
Q,,,  ,SECŢIUNEA Q - ÎNVĂŢĂMÂNT 
Q,85,,  ,Învăţământ 
Q,85,851,  ,Învăţământ preşcolar 
Q,85,851,8510,Învăţământ preşcolar 
Q,85,852,  ,Învăţământ primar 
Q,85,852,8520,Învăţământ primar 
Q,85,853,  ,Învăţământ secundar 
Q,85,853,8531,Învăţământ secundar general 
Q,85,853,8532,"Învăţământ secundar, tehnic sau profesional "
Q,85,853,8533,"Învăţământ post-secundar, non-universitar "
Q,85,854,  ,Învăţământ superior 
Q,85,854,8540,Învăţământ superior universitar 
Q,85,855,  ,Alte forme de învăţământ 
Q,85,855,8551,Învăţământ în domeniul sportiv şi recreaţional 
Q,85,855,8552,"Învăţământ în domeniul cultural (muzică, teatru, dans, arte plastice, etc.) "
Q,85,855,8553,Şcoli de conducere (pilotaj) 
Q,85,855,8559,Alte forme de învăţământ n.c.a. 
Q,85,856,  ,Activităţi de servicii suport pentru învăţământ 
Q,85,856,8561,"Activități de intermediere pentru cursuri și tutori (îndrumători, profesori)   "
Q,85,856,8569,Activităţi de servicii suport pentru învăţământ   
R,,,  ,SECŢIUNEA R - SĂNĂTATE ŞI ASISTENŢĂ SOCIALĂ 
R,86,,  ,Activităţi referitoare la sănătatea umană 
R,86,861,  ,Activităţi de asistenţă spitalicească 
R,86,861,8610,Activităţi de asistenţă spitalicească 
R,86,862,  ,Activităţi de asistenţă medicală ambulatorie şi stomatologică 
R,86,862,8621,Activităţi de asistenţă medicală generală 
R,86,862,8622,Activităţi de asistenţă medicală specializată 
R,86,862,8623,Activităţi de asistenţă stomatologică 
R,86,869,  ,Alte activităţi referitoare la sănătatea umană 
R,86,869,8691,Servicii de diagnostic imagistic și activități ale laboratoarelor medicale   
R,86,869,8692,Transportul pacienților cu ambulanța   
R,86,869,8693,"Activități ale psihologilor și psihoterapeuților, cu excepția medicilor   "
R,86,869,8694,Activități ale infirmierelor și moașelor   
R,86,869,8695,Activități de fizioterapie   
R,86,869,8696,"Activități de medicină tradițională, complementară și alternativă   "
R,86,869,8697,"Servicii de intermediere pentru servicii medicale, stomatologice și pentru alte servicii referitoare la sănătatea umană   "
R,86,869,8699,Alte activităţi referitoare la sănătatea umană n.c.a.   
R,87,,  ,"Servicii combinate de îngrijire medicală şi asistenţă socială, cu cazare "
R,87,871,  ,Activităţi ale centrelor de îngrijire medicală 
R,87,871,8710,Activităţi ale centrelor de îngrijire medicală 
R,87,872,  ,"Activităţi ale centrelor de recuperare pshică şi de dezintoxicare, exclusiv spitale "
R,87,872,8720,"Activităţi ale centrelor de recuperare pshică şi de dezintoxicare, exclusiv spitale "
R,87,873,  ,Activităţi ale căminelor de bătrâni şi ale căminelor pentru persoane cu dizabilități aflate în incapacitate de a se îngriji singure 
R,87,873,8730,Activităţi ale căminelor de bătrâni şi ale căminelor pentru persoane cu dizabilități aflate în incapacitate de a se îngriji singure 
R,87,879,  ,"Alte activităţi de asistenţă socială, cu cazare  "
R,87,879,8791,Activități de intermediere pentru servicii de îngrijire la domiciliu   
R,87,879,8799,"Alte activităţi de asistenţă socială, cu cazare n.c.a.   "
R,88,,  ,"Activităţi de asistenţă socială, fără cazare "
R,88,881,  ,"Activităţi de asistenţă socială, fără cazare, pentru bătrâni şi pentru persoane cu dizabilități aflate în incapacitate de a se îngriji singure "
R,88,881,8810,"Activităţi de asistenţă socială, fără cazare, pentru bătrâni şi pentru persoane cu dizabilități aflate în incapacitate de a se îngriji singure "
R,88,889,  ,"Alte activităţi de asistenţă socială, fără cazare "
R,88,889,8891,Activităţi de îngrijire zilnică pentru copii 
R,88,889,8899,"Alte activităţi de asistenţă socială, fără cazare, n.c.a. "
S,,,  ,"SECŢIUNEA S - ACTIVITĂŢI DE SPECTACOLE, CULTURALE, SPORTIVE ŞI RECREATIVE "
S,90,,  ,Activităţi de creaţie şi interpretare artistică 
S,90,901, ,Activități de creație artistică  
S,90,901,9011,Activități de creație literară și compoziție muzicală   
S,90,901,9012,Activități de creație în domeniul artelor vizuale   
S,90,901,9013,Alte activități de creație artistică   
S,90,902, ,Activităţi de interpretare artistică (spectacole)   
S,90,902,9020,Activităţi de interpretare artistică (spectacole)   
S,90,903, ,Activităţi suport pentru creație și interpretare artistică   
S,90,903,9031,Activităţi de gestionare a sălilor și amplasamentelor de spectacole   
S,90,903,9039,Alte activităţi suport pentru creație și interpretare artistică   
S,91,,  ,"Activităţi ale bibliotecilor, arhivelor, muzeelor şi alte activităţi culturale "
S,91,911, ,Activităţi ale bibliotecilor și arhivelor   
S,91,911,9111,Activităţi ale bibliotecilor   
S,91,911,9112,Activităţi ale arhivelor   
S,91,912, ,"Activități ale muzeelor, colecțiilor, siturilor și monumentelor istorice   "
S,91,912,9121,Activități ale muzeelor și colecțiilor   
S,91,912,9122,Activități ale siturilor și monumentelor istorice   
S,91,913, ,"Activități de conservare, restaurare și alte activități suport pentru patrimoniul cultural    "
S,91,913,9130,"Activități de conservare, restaurare și alte activități suport pentru patrimoniul cultural    "
S,91,914, ,"Activităţi ale grădinilor botanice, zoologice şi ale rezervaţiilor naturale   "
S,91,914,9141,Activităţi ale grădinilor botanice și zoologice   
S,91,914,9142,Activităţi ale rezervaţiilor naturale   
S,92,,  ,Activităţi de jocuri de noroc şi pariuri 
S,92,920,  ,Activităţi de jocuri de noroc şi pariuri 
S,92,920,9200,Activităţi de jocuri de noroc şi pariuri 
S,93,,  ,"Activităţi spotive, recreative şi distractive "
S,93,931,  ,Activităţi sportive 
S,93,931,9311,Activităţi ale bazelor sportive 
S,93,931,9312,Activităţi ale cluburilor sportive 
S,93,931,9313,Activităţi ale centrelor de fitness 
S,93,931,9319,Alte activităţi sportive n.c.a 
S,93,932,  ,Alte activităţi recreative şi distractive 
S,93,932,9321,Activități ale parcurilor tematice și de distracţii 
S,93,932,9329,Alte activităţi recreative şi distractive n.c.a. 
T,,,  ,SECŢIUNEA T - ALTE ACTIVITĂŢI DE SERVICII 
T,94,,  ,Activităţi asociative diverse 
T,94,941,  ,"Activităţi ale organizaţiilor economice, patronale şi profesionale "
T,94,941,9411,Activităţi ale organizaţiilor economice şi patronale 
T,94,941,9412,Activităţi ale organizaţiilor profesionale 
T,94,942,  ,Activităţi ale sindicatelor salariaţilor 
T,94,942,9420,Activităţi ale sindicatelor salariaţilor 
T,94,949,  ,Alte activităţi asociative 
T,94,949,9491,Activităţi ale organizaţiilor religioase 
T,94,949,9492,Activităţi ale organizaţiilor politice 
T,94,949,9499,Activităţi ale altor organizaţii n.c.a. 
T,95,,  ,"Repararea și întreținerea calculatoarelor, a articolelor personale și de uz gospodăresc, a autovehiculelor și motocicletelor  "
T,95,951,  ,Repararea și întreținerea calculatoarelor şi a echipamentelor de comunicaţii 
T,95,951,9510,Repararea și întreținerea calculatoarelor şi a echipamentelor de comunicaţii 
T,95,952,  ,Repararea și întreținerea articolelor personale şi de uz gospodăresc 
T,95,952,9521,Repararea și întreținerea aparatelor electronice de uz casnic 
T,95,952,9522,Repararea și întreținerea dispozitivelor de uz gospodăresc şi a echipamentelor pentru casă şi grădină 
T,95,952,9523,Repararea și întreținerea încălţămintei şi a articolelor din piele 
T,95,952,9524,Repararea și întreținerea mobilei şi a furniturilor casnice 
T,95,952,9525,Repararea și întreținerea ceasurilor şi a bijuteriilor 
T,95,952,9529,Repararea și întreținerea articolelor de uz personal şi gospodăresc n.c.a. 
T,95,953, ,Repararea și întreținerea autovehiculelor și motocicletelor   
T,95,953,9531,Repararea și întreținerea autovehiculelor   
T,95,953,9532,Repararea și întreținerea motocicletelor   
T,95,954, ,"Servicii de intermediere pentru repararea și întreținerea calculatoarelor, a articolelor personale și de uz gospodăresc, a autovehiculelor și motocicletelor  "
T,95,954,9540,"Servicii de intermediere pentru repararea și întreținerea calculatoarelor, a articolelor personale și de uz gospodăresc, a autovehiculelor și motocicletelor  "
T,96,,  ,Alte activităţi de servicii 
T,96,961,  ,Spălarea şi curăţarea articolelor textile şi a produselor din blană   
T,96,961,9610,Spălarea şi curăţarea articolelor textile şi a produselor din blană 
T,96,962, ,"Coafură, activităţi de înfrumuseţare, tratamente spa și alte activități similare  "
T,96,962,9621,Activități de coafură şi frizerie   
T,96,962,9622,Activități de tratament și înfrumusețare   
T,96,962,9623,"Activități ale centrelor spa, saunelor și bailor de abur   "
T,96,963, ,Activităţi de pompe funebre şi similare   
T,96,963,9630,Activităţi de pompe funebre şi similare 
T,96,964, ,Activități de intermediere pentru servicii personale   
T,96,964,9640,Activități de intermediere pentru servicii personale   
T,96,969, ,Alte servicii personale   
T,96,969,9691,Activități de servicii personale la domiciliu   
T,96,969,9699,Alte servicii personale n.c.a. 
U,,,  ,SECŢIUNEA U – ACTIVITĂŢI ALE GOSPODĂRIILOR PRIVATE ÎN CALITATE DE ANGAJATOR DE PERSONAL CASNIC; ACTIVITĂŢI ALE GOSPODĂRIILOR PRIVATE DE PRODUCERE DE BUNURI ŞI SERVICII DESTINATE CONSUMULUI PROPRIU 
U,97,,  ,Activităţi ale gospodăriilor private în calitate de angajator de personal casnic 
U,97,970,  ,Activităţi ale gospodăriilor private în calitate de angajator de personal casnic 
U,97,970,9700,Activităţi ale gospodăriilor private în calitate de angajator de personal casnic 
U,98,,  ,Activităţi ale gospodăriilor private de producere de bunuri şi servicii destinate consumului propriu 
U,98,981,  ,Activităţi ale gospodăriilor private de producere de bunuri destinate consumului propriu 
U,98,981,9810,Activităţi ale gospodăriilor private de producere de bunuri destinate consumului propriu 
U,98,982,  ,Activităţi ale gospodăriilor private de producere de servicii pentru scopuri proprii 
U,98,982,9820,Activităţi ale gospodăriilor private de producere de servicii pentru scopuri proprii 
V,,,  ,SECŢIUNEA V - ACTIVITĂŢI ALE ORGANIZAŢIILOR ŞI ORGANISMELOR EXTRATERITORIALE 
V,99,,  ,Activităţi ale organizaţiilor şi organismelor extrateritoriale 
V,99,990,  ,Activităţi ale organizaţiilor şi organismelor extrateritoriale 
V,99,990,9900,Activităţi ale organizaţiilor şi organismelor extrateritoriale 
